iso3,country,gdp_2025_billion_usd,rank
USA,United States,30507.217,1
CHN,China,19231.705,2
DEU,Germany,4744.804,3
IND,India,4187.017,4
JPN,Japan,4186.431,5
GBR,United Kingdom,3839.180,6
FRA,France,3211.292,7
ITA,Italy,2422.855,8
CAN,Canada,2225.341,9
BRA,Brazil,2125.958,10
RUS,Russia,2076.396,11
ESP,Spain,1799.511,12
KOR,Korea,1790.322,13
AUS,Australia,1771.681,14
MEX,Mexico,1692.640,15
TUR,Türkiye,1437.406,16
IDN,Indonesia,1429.743,17
NLD,Netherlands,1272.011,18
SAU,Saudi Arabia,1083.749,19
POL,Poland,979.960,20
CHE,Switzerland,947.125,21
TWN,Taiwan Province of China,804.889,22
BEL,Belgium,684.864,23
ARG,Argentina,683.533,24
SWE,Sweden,620.297,25
IRL,Ireland,598.840,26
ISR,Israel,583.361,27
SGP,Singapore,564.774,28
ARE,United Arab Emirates,548.598,29
THA,Thailand,546.224,30
AUT,Austria,534.301,31
NOR,Norway,504.276,32
PHL,Philippines,497.495,33
VNM,Vietnam,490.970,34
BGD,Bangladesh,467.218,35
DNK,Denmark,449.940,36
MYS,Malaysia,444.984,37
COL,Colombia,427.766,38
HKG,Hong Kong SAR,423.999,39
ZAF,South Africa,410.338,40
ROU,Romania,403.395,41
CZE,Czech Republic,360.244,42
EGY,Egypt,347.342,43
CHL,Chile,343.823,44
IRN,Islamic Republic of Iran,341.013,45
PRT,Portugal,321.440,46
FIN,Finland,303.945,47
PER,Peru,303.293,48
KAZ,Kazakhstan,300.538,49
DZA,Algeria,268.885,50
